{"chunk_definitions":[{"row":11,"row_count":1,"visible":true,"expansion_state":0,"options":{"engine":"r","label":"unnamed-chunk-25"},"document_id":"7D24E7CE","chunk_id":"c5xsefb4gasct","chunk_label":"unnamed-chunk-1"},{"row":24,"row_count":1,"visible":true,"expansion_state":0,"options":{"engine":"r","label":"unnamed-chunk-5"},"document_id":"7D24E7CE","chunk_id":"c0u7pysrxlflo","chunk_label":"unnamed-chunk-2"},{"row":38,"row_count":1,"visible":true,"expansion_state":0,"options":{"engine":"r","label":"unnamed-chunk-6"},"document_id":"7D24E7CE","chunk_id":"ciudv256461nm","chunk_label":"unnamed-chunk-3"},{"row":48,"row_count":1,"visible":true,"expansion_state":0,"options":{"engine":"r","label":"unnamed-chunk-7"},"document_id":"7D24E7CE","chunk_id":"c47ib1pe77hl7","chunk_label":"unnamed-chunk-4"},{"row":56,"row_count":1,"visible":true,"expansion_state":0,"options":{"engine":"r","label":"unnamed-chunk-8"},"document_id":"7D24E7CE","chunk_id":"cq0elwwpgu31t","chunk_label":"unnamed-chunk-5"},{"row":65,"row_count":1,"visible":true,"expansion_state":0,"options":{"engine":"r","label":"unnamed-chunk-9"},"document_id":"7D24E7CE","chunk_id":"c8viv7f6fpjvc","chunk_label":"unnamed-chunk-6"},{"row":72,"row_count":1,"visible":true,"expansion_state":0,"options":{"engine":"r","label":"unnamed-chunk-10"},"document_id":"7D24E7CE","chunk_id":"cqot52160i3xh","chunk_label":"unnamed-chunk-7"},{"row":78,"row_count":1,"visible":true,"expansion_state":0,"options":{"engine":"r","label":"unnamed-chunk-11"},"document_id":"7D24E7CE","chunk_id":"cg5sw3fq9dsgb","chunk_label":"unnamed-chunk-8"},{"row":86,"row_count":1,"visible":true,"expansion_state":0,"options":{"engine":"r","label":"unnamed-chunk-12"},"document_id":"7D24E7CE","chunk_id":"czynwyx0yxn9s","chunk_label":"unnamed-chunk-9"},{"row":97,"row_count":1,"visible":true,"expansion_state":0,"options":{"engine":"r","label":"unnamed-chunk-18"},"document_id":"7D24E7CE","chunk_id":"c56v644vga63p","chunk_label":"unnamed-chunk-10"},{"row":106,"row_count":1,"visible":true,"expansion_state":0,"options":{"engine":"r","label":"unnamed-chunk-29"},"document_id":"7D24E7CE","chunk_id":"ctusjpw5qm8c8","chunk_label":"unnamed-chunk-11"},{"row":115,"row_count":1,"visible":true,"expansion_state":0,"options":{"engine":"r","label":"unnamed-chunk-42"},"document_id":"7D24E7CE","chunk_id":"coi54fkabp0rl","chunk_label":"unnamed-chunk-12"}],"doc_write_time":1697536641}